reading,model,n,accuracy,macro_f1,ssti_recall,ssti_precision,roc_auc,false_positive_rate,tn,fp,fn,tp,seed,arch,threshold,pr_auc
holdout,rnn,827,0.814993954050786,0.8111491705285782,0.8273809523809523,0.7453083109919572,0.8925480069828338,0.1934826883910387,396,95,58,278,0,rnn,0.6346,0.8759786155950724
external,rnn,547,0.8921389396709324,0.7133454723098104,0.5957446808510638,0.4117647058823529,0.8652765957446809,0.08,460,40,19,28,0,rnn,0.6346,0.511626705648886
holdout,lstm,827,0.7726723095525998,0.7704704089948152,0.8303571428571429,0.6804878048780488,0.8942694694985936,0.2668024439918534,360,131,57,279,0,lstm,0.6984,0.8856290149222652
external,lstm,547,0.8738574040219378,0.7319484393309896,0.851063829787234,0.39215686274509803,0.9319574468085107,0.124,438,62,7,40,0,lstm,0.6984,0.7785410704404996
holdout,cnn_lstm,827,0.8609431680773881,0.8578496214753866,0.8779761904761905,0.7994579945799458,0.9469437978857531,0.15071283095723015,417,74,41,295,0,cnn_lstm,0.9394,0.9403698428635303
external,cnn_lstm,547,0.8976234003656307,0.770649895178197,0.8936170212765957,0.45161290322580644,0.9767659574468084,0.102,449,51,5,42,0,cnn_lstm,0.9394,0.8741669912296609
holdout,rnn,677,0.9335302806499262,0.9333202009258348,0.9252336448598131,0.9339622641509434,0.9820959781581435,0.05898876404494382,335,21,24,297,1,rnn,0.2644,0.9833411574581932
external,rnn,547,0.9341864716636198,0.8237379162191192,0.8297872340425532,0.582089552238806,0.9567659574468085,0.056,472,28,8,39,1,rnn,0.2644,0.8397183752786768
holdout,lstm,677,0.9290989660265879,0.9290864335469003,0.9657320872274143,0.8933717579250721,0.9742553117014946,0.10393258426966293,319,37,11,310,1,lstm,0.152,0.9703271238631025
external,lstm,547,0.9177330895795247,0.796780185758514,0.851063829787234,0.5128205128205128,0.9464255319148936,0.076,462,38,7,40,1,lstm,0.152,0.8445963938420625
holdout,cnn_lstm,677,0.9379615952732644,0.937958211143695,0.9813084112149533,0.8974358974358975,0.9840036403094263,0.10112359550561797,320,36,6,315,1,cnn_lstm,0.014,0.9797698962661197
external,cnn_lstm,547,0.9140767824497258,0.8086743616649178,1.0,0.5,0.9894893617021276,0.094,453,47,0,47,1,cnn_lstm,0.014,0.8939270622941138
holdout,rnn,933,0.9260450160771704,0.9219382242846732,0.9393063583815029,0.871313672922252,0.9736191667241091,0.0817717206132879,539,48,21,325,2,rnn,0.3697,0.9635397133875563
external,rnn,547,0.9195612431444241,0.8053506728778468,0.8936170212765957,0.5185185185185185,0.9565531914893618,0.078,461,39,5,42,2,rnn,0.3697,0.8488224925319444
holdout,lstm,933,0.9228295819935691,0.9173124833827337,0.8959537572254336,0.8959537572254336,0.9755443077862356,0.06132879045996593,551,36,36,310,2,lstm,0.5432,0.9652771359075673
external,lstm,547,0.9250457038391224,0.8122210779265362,0.8723404255319149,0.5394736842105263,0.9382978723404255,0.07,465,35,6,41,2,lstm,0.5432,0.826686155065511
holdout,cnn_lstm,933,0.954983922829582,0.9525574840671793,0.9826589595375722,0.9042553191489362,0.9938208387903615,0.06132879045996593,551,36,6,340,2,cnn_lstm,0.0294,0.9853856918108013
external,cnn_lstm,547,0.9195612431444241,0.8129042288557214,0.9574468085106383,0.5172413793103449,0.9849361702127659,0.084,458,42,2,45,2,cnn_lstm,0.0294,0.870524343020964
holdout,rnn,774,0.9341085271317829,0.9341084171430956,0.9376623376623376,0.9304123711340206,0.9787066404032986,0.06940874035989718,362,27,24,361,3,rnn,0.438,0.9749371045226668
external,rnn,547,0.9305301645338209,0.8271865646824077,0.9148936170212766,0.5584415584415584,0.9833191489361702,0.068,466,34,4,43,3,rnn,0.438,0.881265811505121
holdout,lstm,774,0.8875968992248062,0.8873394489273172,0.9402597402597402,0.8497652582159625,0.9710813607985845,0.16452442159383032,325,64,23,362,3,lstm,0.2345,0.9770696097837019
external,lstm,547,0.9104204753199269,0.7955670472660152,0.9361702127659575,0.4888888888888889,0.971404255319149,0.092,454,46,3,44,3,lstm,0.2345,0.9033769357667802
holdout,cnn_lstm,774,0.9302325581395349,0.930202732039678,0.9558441558441558,0.908641975308642,0.9850031716355624,0.09511568123393316,352,37,17,368,3,cnn_lstm,0.2738,0.9861237769137263
external,cnn_lstm,547,0.9159049360146252,0.8043998756218905,0.9361702127659575,0.5057471264367817,0.9769787234042553,0.086,457,43,3,44,3,cnn_lstm,0.2738,0.8837313919045835
holdout,rnn,897,0.9253065774804905,0.9196499836222283,0.8409090909090909,0.9641693811074918,0.9726073811509592,0.02018348623853211,534,11,56,296,4,rnn,0.8561,0.9681679849816014
external,rnn,547,0.9707495429616088,0.9050594463247419,0.8085106382978723,0.8444444444444444,0.9848936170212766,0.014,493,7,9,38,4,rnn,0.8561,0.9011601738396866
holdout,lstm,897,0.9063545150501672,0.8979798526863085,0.7897727272727273,0.9652777777777778,0.9715726647206006,0.01834862385321101,535,10,74,278,4,lstm,0.944,0.9687457397783908
external,lstm,547,0.9707495429616088,0.9050594463247419,0.8085106382978723,0.8444444444444444,0.9536595744680851,0.014,493,7,9,38,4,lstm,0.944,0.8672130967382946
holdout,cnn_lstm,897,0.9632107023411371,0.9613661309878843,0.9488636363636364,0.9570200573065902,0.9854305671392828,0.027522935779816515,530,15,18,334,4,cnn_lstm,0.1117,0.9847234225591857
external,cnn_lstm,547,0.9524680073126143,0.8706902822228688,0.9148936170212766,0.6615384615384615,0.9608936170212766,0.044,478,22,4,43,4,cnn_lstm,0.1117,0.8776618732053231
