ver,model,reading,seed,f1,precision,recall,roc_auc,pr_auc,hardneg_auc
v1,XGBoost,holdout,0,0.8062418725617685,0.7159353348729792,0.9226190476190477,0.9229948598584037,0.9062274690126868,0.8749014506464838
v1,XGBoost,external,0,0.6527777777777778,0.4845360824742268,1.0,0.9811914893617021,0.848519573012111,
v1,XGBoost,holdout,1,0.8663594470046083,0.8545454545454545,0.8785046728971962,0.9615011025937205,0.9598213052601297,0.9023253226524255
v1,XGBoost,external,1,0.7666666666666667,0.6301369863013698,0.9787234042553191,0.9908085106382979,0.9141837274455042,
v1,XGBoost,holdout,2,0.8778409090909091,0.8631284916201117,0.8930635838150289,0.9770460162873827,0.9614146014245113,0.9045217890378388
v1,XGBoost,external,2,0.7479674796747967,0.6052631578947368,0.9787234042553191,0.9930212765957447,0.9348779848638953,
v1,XGBoost,holdout,3,0.8702290076335878,0.8528678304239401,0.8883116883116883,0.9527927085767702,0.9589079438321957,0.9015093015093014
v1,XGBoost,external,3,0.6818181818181818,0.5294117647058824,0.9574468085106383,0.9866382978723405,0.8910160964612858,
v1,XGBoost,holdout,4,0.8945868945868946,0.8971428571428571,0.8920454545454546,0.9794125312760634,0.967547330941215,0.909698038856305
v1,XGBoost,external,4,0.7796610169491526,0.647887323943662,0.9787234042553191,0.9902978723404255,0.9058769624632637,
v1,RandomForest,holdout,0,0.7933247753530167,0.6975169300225733,0.9196428571428571,0.9133631558529725,0.8877518338387875,0.8592321034374015
v1,RandomForest,external,0,0.6293706293706294,0.46875,0.9574468085106383,0.9657446808510637,0.7138241664980303,
v1,RandomForest,holdout,1,0.8765432098765432,0.8685015290519877,0.8847352024922118,0.9641438272253142,0.9621613118503142,0.9094236760124611
v1,RandomForest,external,1,0.7377049180327869,0.6,0.9574468085106383,0.988,0.8908171285613025,
v1,RandomForest,holdout,2,0.8892045454545454,0.8743016759776536,0.9046242774566474,0.9766865909739934,0.9594916364571372,0.9029639650719468
v1,RandomForest,external,2,0.72,0.5769230769230769,0.9574468085106383,0.9848297872340425,0.8608716301255607,
v1,RandomForest,holdout,3,0.8643852978453739,0.844059405940594,0.8857142857142857,0.9373518512335992,0.9366957348388765,0.8687679887679888
v1,RandomForest,external,3,0.6818181818181818,0.5294117647058824,0.9574468085106383,0.9779574468085106,0.8032768928719727,
v1,RandomForest,holdout,4,0.8977272727272727,0.8977272727272727,0.8977272727272727,0.9798816722268557,0.9690689896398036,0.9121952895894428
v1,RandomForest,external,4,0.7586206896551724,0.6376811594202898,0.9361702127659575,0.9875744680851064,0.878771851618836,
v2,XGBoost,holdout,0,0.7953367875647669,0.7041284403669725,0.9136904761904762,0.9208490932014353,0.9041936994082039,0.8714029485966572
v2,XGBoost,external,0,0.6388888888888888,0.4742268041237113,0.9787234042553191,0.9793191489361703,0.83170440858273,
v2,XGBoost,holdout,1,0.8686244204018547,0.8619631901840491,0.8753894080996885,0.9630149812734082,0.9620305521037823,0.9060858923008456
v2,XGBoost,external,1,0.7863247863247863,0.6571428571428571,0.9787234042553191,0.991404255319149,0.9159697922050396,
v2,XGBoost,holdout,2,0.8917378917378918,0.8792134831460674,0.9046242774566474,0.9783236994219654,0.9638129523662028,0.9098204402902471
v2,XGBoost,external,2,0.7642276422764228,0.618421052631579,1.0,0.993404255319149,0.9344147376684178,
v2,XGBoost,holdout,3,0.8781725888324873,0.858560794044665,0.8987012987012987,0.9546489500217007,0.9599564538131926,0.9052860652860653
v2,XGBoost,external,3,0.6923076923076923,0.5421686746987951,0.9574468085106383,0.9880000000000001,0.8964586888669271,
v2,XGBoost,holdout,4,0.8992907801418439,0.8980169971671388,0.9005681818181818,0.9809242076730609,0.9700069576405281,0.9163421004398827
v2,XGBoost,external,4,0.7894736842105263,0.6716417910447762,0.9574468085106383,0.9907659574468085,0.9100668884438519,
v2,RandomForest,holdout,0,0.7860824742268041,0.6931818181818182,0.9077380952380952,0.910347565706527,0.8820841911925198,0.8543884027120783
v2,RandomForest,external,0,0.6428571428571429,0.4838709677419355,0.9574468085106383,0.9644680851063829,0.7097331889349008,
v2,RandomForest,holdout,1,0.8715596330275229,0.8558558558558559,0.8878504672897196,0.9658064685498269,0.9634963309375894,0.9133177570093458
v2,RandomForest,external,1,0.7692307692307693,0.6428571428571429,0.9574468085106383,0.9883191489361702,0.8743827713333973,
v2,RandomForest,holdout,2,0.8967468175388967,0.8781163434903048,0.9161849710982659,0.9767653691248732,0.9586439929115793,0.9032919280121346
v2,RandomForest,external,2,0.72,0.5769230769230769,0.9574468085106383,0.9858723404255318,0.850167124808258,
v2,RandomForest,holdout,3,0.8546583850931677,0.819047619047619,0.8935064935064935,0.9428604814208927,0.9466042479808238,0.8803510003510004
v2,RandomForest,external,3,0.6870229007633588,0.5357142857142857,0.9574468085106383,0.9801489361702127,0.794364568512377,
v2,RandomForest,holdout,4,0.9075391180654339,0.9088319088319088,0.90625,0.980929420350292,0.970784793719819,0.9168919538123166
v2,RandomForest,external,4,0.7857142857142857,0.676923076923077,0.9361702127659575,0.9856808510638297,0.8342675142180606,
